username,password
user_QVWJc2oY,Z0efocCGNFqr
user_PCLGsAb3,Voy4YQSUyFmQ
user_5kXzUejA,naYrygxW1ZUa
user_Lua32Kit,nfhe55U3zFOA
user_2frPQkv3,VHPzh8Sc2SOj
user_9hi8tSLs,GAwon5RsWdKp
user_3D1qIoIf,ar11kuyBZKlH
user_4QnwgkC2,ZwvFLwsEQfqF
user_fjYx2CQu,PWmpuG9viEC3
user_nS0fAGYm,n42elKofGSun
user_nIoR3MRk,dJU2oGz9kiRT
user_4SdmwiMl,ZwKIBkXUuWem
user_UOZom2pN,i81KY7yy1Bcj
user_MKXxlqHi,UD8ZgXdTVTw4
user_qrGN1NHh,W51tLzqIaFY6
user_M2KtZF9a,BpU0kGGjVITX
user_AmqT2z0O,yzEEV3MTRCqw
user_uD35eihm,EgUHKlyDYZAU
user_JvQpJcuY,1wz4EVwWRaHI
user_1CUzdBGL,WAYCv3504Vm9
user_th877Keg,GKZEHB0bhoD8
user_n1smpHjJ,sdIo8fpBf5fK
user_L15Ii4zZ,vAF3OTnWZ35x
user_Rxwq5EO4,FC4sivgZOFEe
user_JCmGTI3D,caj4Y3d4zJ4Y
user_tx94Bh5i,RztbxCMCwHfG
user_7ZDf4rdg,mKVTKEGK1zpB
user_bBbyj1XO,vpThCpj68kJO
user_VHctCfM8,3bGnxH9c2mto
user_p1r6p7oD,A3RwmSQcPt4C
user_HdA2gm8W,Urug1Nd5gjyB
user_GYsBa9oP,OfQLhmpl105Z
user_JePaGwYA,DA2WcWx0g72r
user_ALOkLU6W,ro4u7x5t1Nyu
user_oWeIr6tY,1ra7GLkB9YMW
user_aWdcLx5M,9MqJhPNktPF4
user_WbCz9Mgb,C4RQMwIiYtF0
user_I4km4gCx,a5JB2oLaeMIW
user_OFxKVl1P,EelgIQjHTTrZ
user_2U6ok99C,eVr1MC3uWNMx
user_QI6XL1Xh,argzpOFMeooM
user_52pe4Smw,WPF7mmNcS4jk
user_T9SXuSsC,RMZdLBsxPnwE
user_AatNocrN,NAH4L1J1p0cY
user_ZuB6d7o0,CdX1cFIyavHY
user_q5FIGkGQ,2UsOFeBNkCwa
user_FmiP9wVp,uu1W016Jh0hA
user_PZgQLu0j,k8tXmzdaeWaJ
user_xq2a6exl,mEPKQkgaYFYq
user_8dWGVsk1,4AIhw2XO1KmK
user_zK2TF9n0,eYrZn9WVzkVP
user_wDQDCRYm,uZIqEJ9bdZ8f
user_M6xdTuGb,Tna3ImdHszuf
user_Zq2chiV8,vxABjKJIR9ws
user_M1Dqs209,SpZoWWbx7ti7
user_2dGuJ2jL,ekz93TMnADzH
user_EeXGSZWw,ST4KvtBmTIaD
user_aZiqYNZ0,9pBYyt2tCI2d
user_veRoa4vR,xwRNu0r9ORYm
user_vwxo4yPY,h9ipIfyRJxKU
user_5U4bufVZ,Ye25cWUMUoih
user_iNgzPBWt,vGkDAkNLokjd
user_mIaoNi56,78mHxvkkqSdd
user_y0bjMA49,Y5yjCJ47Redz
user_2ZP1EXQh,IBoS4NuxGB91
user_IvZLyxSA,nSeGkKGufYVf
user_piHXdT4b,ZfdyEMFOzMvo
user_RvMEvNnf,8V2ImoKAKc7h
user_RZKEepdd,oK9ERagudoVh
user_r1dRMFtD,YKqw5l9XRhgy
user_fwlYwGyK,MxL9DI9YQYfo
user_8VrGpNP7,dvtjcZN9HP9b
user_IYj9wxR4,QGZCakKw3FF2
user_vXQeSnRy,BvOiRRj73wEE
user_RzKUWbir,1w4XlRfiwuer
user_aC43WhJb,2jkg2Vi2JIhW
user_7uUxoPkm,M3GNSCJJh6uv
user_F7UnGpuj,KgkvNxzL3FaR
user_2XnJgIYr,thsP4p7VsGJ7
user_oXdXAh3l,TCNPrsw2NAXE
user_vJFLAkYg,XPLLaUNuqk20
user_rdFc88Gc,fuzB2ZgtR0cH
user_Hn6RFLo0,khsTd0P1Yhei
user_OyUuoCbd,CR4Uad3ZoQfU
user_SdfZ7N4w,NfluV6Sw0WZZ
user_8fVdvo6v,0zCmMh5V9Uih
user_m7kehdFN,IQKNzZqq6glw
user_rJeGTfPl,QiYjroKNHwe5
user_FJ6mwkx3,KK0phSrvSexg
user_HrGGWReB,Ktnf3ElPKq75
user_cwss4iMX,IvI9EaMbZovr
user_yNh4zES9,hCAQr7AFTmS4
user_bN62fAOB,pQVjPv8ALahn
user_Sbz4b5Zw,sIvReibV8umJ
user_HGwPMfud,eR24xqKoyBok
user_v99Tj5EM,7Q5y9b2vWOM5
user_YlYIuk1t,OM0H5Kzc2x1g
user_iiAIEk3D,7AvNAQSiinHh
user_STB2UY3i,2Ug86uiC7z2f
user_ITrcmOvU,8XVFp30DIN4w
